{
  "index": "index.ejs",
  "notfound": "404.ejs",
  "nopermission": "403.ejs",
  "maintenance": "maintenance.ejs",
  "redirect": {
    "callback": "/dashboard",
    "failedcallback": "/",
    "logout": "/",
    "deleteserver": "/servers",
    "updateservers": "/dashboard",
    "createserver": "/servers",
    "failedcreateserver": "/servers/new",
    "modifyserver": "/servers",
    "failedmodifyserver": "/servers/edit",
    "setplan": "/admin",
    "failedsetplan": "/admin",
    "getip": "/admin",
    "failedgetip": "/admin",
    "createserverdisabled": "/servers?err=disabled",
    "modifyserverdisabled": "/servers?err=disabled",
    "deleteserverdisabled": "/servers?err=disabled",
    "regenpassword": "/dashboard",
    "setresources": "/admin",
    "failedsetresources": "/admin",
    "giftresources": "/gift",
    "failedgiftresources": "/gift",
    "renewserver": "/servers",
    "failedrenewserver": "/servers",
    "setcoins": "/admin",
    "failedsetcoins": "/admin",
    "purchaseram": "/store",
    "failedpurchaseram": "/store",
    "purchasedisk": "/store",
    "failedpurchasedisk": "/store",
    "purchasecpu": "/store",
    "failedpurchasecpu": "/store",
    "purchaseservers": "/store",
    "failedpurchaseservers": "/store",
    "arcioerror": "/dashboard",
    "missingorinvalidcouponcode": "/redeem",
    "successfullyredeemedcoupon": "/redeem",
    "couponcreationfailed": "/admin",
    "couponcreationsuccess": "/admin",
    "couponrevokefailed": "/admin",
    "couponrevokesuccess": "/admin",
    "removeaccountfailed": "/admin",
    "removeaccountsuccess": "/admin"
  },
  "pages": {
    "dashboard": "dashboard.ejs",
    "servers": "servers.ejs",
    "servers/new": "create.ejs",
    "servers/edit": "edit.ejs",
    "admin": "admin.ejs",
    "store": "store.ejs",
    "afk": "arcio.ejs",
    "redeem": "redeem.ejs",
    "aboutus": "aboutus.ejs", 
    "403":"403.ejs",
    "version":"version.ejs",
    "gift":"gift.ejs",
    "j4r": "j4r.ejs",
    "tos": "TOS.ejs",
    "pp": "pp.ejs",
    "test": "t.ejs",
    "status":"status.ejs",
    "lv": "lv.ejs",
    "contact-us":"contact.ejs",
    "maintenance": "maintance.ejs"
        
  },
  "mustbeloggedin": [
    "/dashboard",
    "/servers",
    "/servers/new",
    "/servers/edit",
    "/store",
    "/afk",
    "/redeem",
    "/gift",
    "/j4r",
    "/status",
    "/lv",
    "/contact-us"
  ],
  "mustbeadmin": [
    "/admin"
    

  ],

  "generateafktoken": [
    "/afk"
  ],
  "variables": {
    "footerad": true,
    "faviconlink": "https://o.remove.bg/downloads/23bbf119-a4b7-4345-888b-a8c787c27f9b/download__2_-removebg-preview.png",
    "name": "Qwakactyl",
    "home": {
      "title": "Qwakactyl",
      "buttontext": {
        "loggedin": {
          "text": "Qwakactyl",
          "link": "/dashboard"
        },
        "loggedout": {
          "_note": "This below supports HTML encoding.",
          "text": "<img src=\"https://seeklogo.com/images/D/discord-black-logo-733DD6B9B0-seeklogo.com.png\" width=\"25\" /> Login with Discord",
          "link": "/login"
        } 
      }
    },
      "dashboard": {
        "title": "Dashboard - Qwakactyl"
      },
    "servers": {
      "title": {
        "create": "servers - Qwakactyl",
        "modify": "Server Modify - Qwakactyl"
      }
    },
    "error": {
      "title": "404 - Qwakactyl"
    },
    "admin": {
      "title": {
        "default": "Admin - Qwakactyl"
      }
    },
    "store": {
      "title": "Store - Qwakactyl"
    },
    "arcio": {
      "title": "AFK - Qwakactyl"
    },
    "maintenance": {
      "title": "Downtime - Qwakactyl" 
    },
    "redeem": {
      "title": "Redeem - Qwakactyl"
    },
    "j4r": {
      "tittle": "Join for Resources - Qwakactyl"
    },
    "gift": {
      "tittle": "Gift Resources - Qwakactyl"
    }
  }
}
