{
    "_comment": "DO NOT EDIT: FILE GENERATED AUTOMATICALLY BY PTERODACTYL PANEL - PTERODACTYL.IO",
    "meta": {
        "version": "PTDL_v1",
        "update_url": null
    },
    "exported_at": "2021-10-22T07:43:48-04:00",
    "name": "discord.js generic",
    "author": "parker@parkervcp.com",
    "description": "a generic discord js bot egg\r\n\r\nThis will clone a git repo for a bot. it defaults to master if no branch is specified.\r\n\r\nInstalls the node_modules on install. If you set user_upload then I assume you know what you are doing.",
    "features": null,
    "images": [
        "ghcr.io\/parkervcp\/yolks:nodejs_18",
        "ghcr.io\/parkervcp\/yolks:nodejs_17",
        "ghcr.io\/parkervcp\/yolks:nodejs_16",
        "ghcr.io\/parkervcp\/yolks:nodejs_15",
        "ghcr.io\/parkervcp\/yolks:nodejs_14",
        "ghcr.io\/parkervcp\/yolks:nodejs_12"
    ],
    "file_denylist": [],
    "startup": "if [[ ! -z ${NODE_PACKAGES} ]]; then \/usr\/local\/bin\/npm install ${NODE_PACKAGES}; fi; if [[ ! -z ${UNNODE_PACKAGES} ]]; then \/usr\/local\/bin\/npm uninstall ${UNNODE_PACKAGES}; fi; if [ -f \/home\/container\/package.json ]; then \/usr\/local\/bin\/npm install; fi; \/usr\/local\/bin\/node \/home\/container\/{{BOT_JS_FILE}}",
    "config": {
        "files": "{}",
        "startup": "{\r\n    \"done\": \"change this part\"\r\n}",
        "logs": "{}",
        "stop": "^^C"
    },
    "scripts": {
        "installation": {
            "script": "#!\/bin\/bash\r\n# NodeJS Bot Installation Script\r\n#\r\n# Server Files: \/mnt\/server\r\napt update\r\napt install -y git curl jq file unzip make gcc g++ python python-dev libtool\r\n\r\nmkdir -p \/mnt\/server\r\ncd \/mnt\/server\r\n\r\nif [ \"${USER_UPLOAD}\" == \"true\" ] || [ \"${USER_UPLOAD}\" == \"1\" ]; then\r\n    echo -e \"assuming user knows what they are doing have a good day.\"\r\n    exit 0\r\nfi\r\n\r\n## add git ending if it's not on the address\r\nif [[ ${GIT_ADDRESS} != *.git ]]; then\r\n    GIT_ADDRESS=${GIT_ADDRESS}.git\r\nfi\r\n\r\nif [ -z \"${USERNAME}\" ] && [ -z \"${ACCESS_TOKEN}\" ]; then\r\n    echo -e \"using anon api call\"\r\nelse\r\n    GIT_ADDRESS=\"https:\/\/${USERNAME}:${ACCESS_TOKEN}@$(echo -e ${GIT_ADDRESS} | cut -d\/ -f3-)\"\r\nfi\r\n\r\n## pull git js bot repo\r\nif [ \"$(ls -A \/mnt\/server)\" ]; then\r\n    echo -e \"\/mnt\/server directory is not empty.\"\r\n    if [ -d .git ]; then\r\n        echo -e \".git directory exists\"\r\n        if [ -f .git\/config ]; then\r\n            echo -e \"loading info from git config\"\r\n            ORIGIN=$(git config --get remote.origin.url)\r\n        else\r\n            echo -e \"files found with no git config\"\r\n            echo -e \"closing out without touching things to not break anything\"\r\n            exit 10\r\n        fi\r\n    fi\r\n\r\n    if [ \"${ORIGIN}\" == \"${GIT_ADDRESS}\" ]; then\r\n        echo \"pulling latest from github\"\r\n        git pull\r\n    fi\r\nelse\r\n    echo -e \"\/mnt\/server is empty.\\ncloning files into repo\"\r\n    if [ -z ${BRANCH} ]; then\r\n        echo -e \"cloning default branch\"\r\n        git clone ${GIT_ADDRESS} .\r\n    else\r\n        echo -e \"cloning ${BRANCH}'\"\r\n        git clone --single-branch --branch ${BRANCH} ${GIT_ADDRESS} .\r\n    fi\r\n\r\nfi\r\n\r\necho \"Installing nodejs packages\"\r\nif [[ ! -z ${NODE_PACKAGES} ]]; then\r\n    \/usr\/local\/bin\/npm install ${NODE_PACKAGES}\r\nfi\r\n\r\nif [ -f \/mnt\/server\/package.json ]; then\r\n    \/usr\/local\/bin\/npm install --production\r\nfi\r\n\r\necho -e \"install complete\"\r\nexit 0",
            "container": "node:14-buster-slim",
            "entrypoint": "bash"
        }
    },
    "variables": [
        {
            "name": "User Uploaded Files",
            "description": "Skip all the install stuff if you are letting a user upload files.\r\n\r\n0 = false (default)\r\n1 = true",
            "env_variable": "USER_UPLOAD",
            "default_value": "0",
            "user_viewable": true,
            "user_editable": true,
            "rules": "required|boolean"
        },
        {
            "name": "Bot js file",
            "description": "The file that starts the bot.",
            "env_variable": "BOT_JS_FILE",
            "default_value": "index.js",
            "user_viewable": true,
            "user_editable": true,
            "rules": "required|string"
        },
        {
            "name": "Additional Node packages",
            "description": "Install additional node packages.\r\n\r\nUse spaces to separate.",
            "env_variable": "NODE_PACKAGES",
            "default_value": "",
            "user_viewable": true,
            "user_editable": true,
            "rules": "nullable|string"
        },
        {
            "name": "Uninstall Node packages",
            "description": "Uninstall node packages.\r\n\r\nUse spaces to separate.",
            "env_variable": "UNNODE_PACKAGES",
            "default_value": "",
            "user_viewable": true,
            "user_editable": true,
            "rules": "nullable|string"
        }
    ]
}